 	Task	Responder	sender_entity	sender_name	recipient	block	tool_type	tool	content
 	Master	Entity.USER	Entity.USER			None			
 	Master	Entity.USER	Entity.USER	Entity.USER		None			[CANNOT RESPOND]
 	Master	Entity.AGENT	Entity.USER			None			
*	Master	Entity.LLM	Entity.LLM			None			3**5
 	Master	Entity.USER	Entity.USER			None			
 	Master	Entity.AGENT	Entity.USER			None			
 	Master	Entity.LLM	Entity.LLM	Entity.LLM		None			[CANNOT RESPOND]
 	Planner	Entity.USER	Entity.USER			None			3**5
 	Planner	Entity.USER	Entity.USER	Entity.USER		None			[CANNOT RESPOND]
 	Planner	Entity.AGENT	Entity.USER			None			
*	Planner	Entity.LLM	Entity.LLM		Multiplier	None			3 * 3
 	Planner	Entity.USER	Entity.USER			None			
 	Planner	Entity.AGENT	Entity.USER			None			
 	Planner	Entity.LLM	Entity.LLM	Entity.LLM	Multiplier	None			[CANNOT RESPOND]
 	Planner	Validator	Entity.USER			None			
 	Multiplier	Entity.USER	Entity.USER		Multiplier	None			3 * 3
 	Multiplier	Entity.USER	Entity.USER	Entity.USER	Multiplier	None			[CANNOT RESPOND]
 	Multiplier	Entity.AGENT	Entity.USER			None			
*	Multiplier	Entity.LLM	Entity.LLM			None			9
*	Planner	Multiplier	Entity.USER	Multiplier		None			9
 	Planner	Entity.USER	Entity.USER			None			
 	Planner	Entity.AGENT	Entity.USER			None			
*	Planner	Entity.LLM	Entity.LLM		Multiplier	None			9 * 3
 	Planner	Entity.USER	Entity.USER			None			
 	Planner	Entity.AGENT	Entity.USER			None			
 	Planner	Entity.LLM	Entity.LLM	Entity.LLM	Multiplier	None			[CANNOT RESPOND]
 	Planner	Validator	Entity.USER			None			
 	Multiplier	Entity.USER	Entity.USER		Multiplier	None			9 * 3
 	Multiplier	Entity.USER	Entity.USER	Entity.USER	Multiplier	None			[CANNOT RESPOND]
 	Multiplier	Entity.AGENT	Entity.USER			None			
*	Multiplier	Entity.LLM	Entity.LLM			None			27
*	Planner	Multiplier	Entity.USER	Multiplier		None			27
 	Planner	Entity.USER	Entity.USER			None			
 	Planner	Entity.AGENT	Entity.USER			None			
*	Planner	Entity.LLM	Entity.LLM			None			27 * 3
 	Planner	Entity.USER	Entity.USER			None			
 	Planner	Entity.AGENT	Entity.USER			None			
 	Planner	Entity.LLM	Entity.LLM	Entity.LLM		None			[CANNOT RESPOND]
 	Validator	Entity.USER	Entity.USER			None			27 * 3
 	Validator	Entity.USER	Entity.USER	Entity.USER		None			[CANNOT RESPOND]
*	Validator	Entity.AGENT	Entity.AGENT	Validator		None			Who is this message for? Please simply respond with one of these names: Master, Multiplier
*	Planner	Validator	Entity.USER	Validator		None			Who is this message for? Please simply respond with one of these names: Master, Multiplier
 	Planner	Entity.USER	Entity.USER			None			
 	Planner	Entity.AGENT	Entity.USER			None			
*	Planner	Entity.LLM	Entity.LLM			None			Multiplier
 	Planner	Entity.USER	Entity.USER			None			
 	Planner	Entity.AGENT	Entity.USER			None			
 	Planner	Entity.LLM	Entity.LLM	Entity.LLM		None			[CANNOT RESPOND]
 	Validator	Entity.USER	Entity.USER			None			Multiplier
 	Validator	Entity.USER	Entity.USER	Entity.USER		None			[CANNOT RESPOND]
*	Validator	Entity.AGENT	Entity.AGENT		Multiplier	None			27 * 3
*	Planner	Entity.LLM	Entity.USER	Validator	Multiplier	None			27 * 3
 	Planner	Entity.USER	Entity.USER			None			
 	Planner	Entity.AGENT	Entity.USER			None			
 	Planner	Entity.LLM	Entity.LLM	Entity.LLM	Multiplier	None			[CANNOT RESPOND]
 	Planner	Validator	Entity.USER			None			
 	Multiplier	Entity.USER	Entity.USER	Validator	Multiplier	None			27 * 3
 	Multiplier	Entity.USER	Entity.USER	Entity.USER	Multiplier	None			[CANNOT RESPOND]
 	Multiplier	Entity.AGENT	Entity.USER			None			
*	Multiplier	Entity.LLM	Entity.LLM			None			81
*	Planner	Multiplier	Entity.USER	Multiplier		None			81
 	Planner	Entity.USER	Entity.USER			None			
 	Planner	Entity.AGENT	Entity.USER			None			
*	Planner	Entity.LLM	Entity.LLM			None			81 * 3
 	Planner	Entity.USER	Entity.USER			None			
 	Planner	Entity.AGENT	Entity.USER			None			
 	Planner	Entity.LLM	Entity.LLM	Entity.LLM		None			[CANNOT RESPOND]
 	Validator	Entity.USER	Entity.USER			None			81 * 3
 	Validator	Entity.USER	Entity.USER	Entity.USER		None			[CANNOT RESPOND]
*	Validator	Entity.AGENT	Entity.AGENT	Validator		None			Who is this message for? Please simply respond with one of these names: Master, Multiplier
*	Planner	Validator	Entity.USER	Validator		None			Who is this message for? Please simply respond with one of these names: Master, Multiplier
 	Planner	Entity.USER	Entity.USER			None			
 	Planner	Entity.AGENT	Entity.USER			None			
*	Planner	Entity.LLM	Entity.LLM			None			Multiplier
 	Planner	Entity.USER	Entity.USER			None			
 	Planner	Entity.AGENT	Entity.USER			None			
 	Planner	Entity.LLM	Entity.LLM	Entity.LLM		None			[CANNOT RESPOND]
 	Validator	Entity.USER	Entity.USER			None			Multiplier
 	Validator	Entity.USER	Entity.USER	Entity.USER		None			[CANNOT RESPOND]
*	Validator	Entity.AGENT	Entity.AGENT		Multiplier	None			81 * 3
*	Planner	Entity.LLM	Entity.USER	Validator	Multiplier	None			81 * 3
 	Planner	Entity.USER	Entity.USER			None			
 	Planner	Entity.AGENT	Entity.USER			None			
 	Planner	Entity.LLM	Entity.LLM	Entity.LLM	Multiplier	None			[CANNOT RESPOND]
 	Planner	Validator	Entity.USER			None			
 	Multiplier	Entity.USER	Entity.USER	Validator	Multiplier	None			81 * 3
 	Multiplier	Entity.USER	Entity.USER	Entity.USER	Multiplier	None			[CANNOT RESPOND]
 	Multiplier	Entity.AGENT	Entity.USER			None			
*	Multiplier	Entity.LLM	Entity.LLM			None			243
*	Planner	Multiplier	Entity.USER	Multiplier		None			243
 	Planner	Entity.USER	Entity.USER			None			
 	Planner	Entity.AGENT	Entity.USER			None			
*	Planner	Entity.LLM	Entity.LLM		Master	None			243
*	Master	Planner	Entity.USER	Planner	Master	None			243
 	Master	Entity.USER	Entity.USER			None			
 	Master	Entity.AGENT	Entity.USER			None			
*	Master	Entity.LLM	Entity.LLM			None			RIGHT, 8**3
 	Master	Entity.USER	Entity.USER			None			
 	Master	Entity.AGENT	Entity.USER			None			
 	Master	Entity.LLM	Entity.LLM	Entity.LLM		None			[CANNOT RESPOND]
 	Planner	Entity.USER	Entity.USER			None			RIGHT, 8**3
 	Planner	Entity.USER	Entity.USER	Entity.USER		None			[CANNOT RESPOND]
 	Planner	Entity.AGENT	Entity.USER			None			
*	Planner	Entity.LLM	Entity.LLM			None			8 * 8
 	Planner	Entity.USER	Entity.USER			None			
 	Planner	Entity.AGENT	Entity.USER			None			
 	Planner	Entity.LLM	Entity.LLM	Entity.LLM		None			[CANNOT RESPOND]
 	Validator	Entity.USER	Entity.USER			None			8 * 8
 	Validator	Entity.USER	Entity.USER	Entity.USER		None			[CANNOT RESPOND]
*	Validator	Entity.AGENT	Entity.AGENT	Validator		None			Who is this message for? Please simply respond with one of these names: Master, Multiplier
*	Planner	Validator	Entity.USER	Validator		None			Who is this message for? Please simply respond with one of these names: Master, Multiplier
 	Planner	Entity.USER	Entity.USER			None			
 	Planner	Entity.AGENT	Entity.USER			None			
*	Planner	Entity.LLM	Entity.LLM			None			Multiplier
 	Planner	Entity.USER	Entity.USER			None			
 	Planner	Entity.AGENT	Entity.USER			None			
 	Planner	Entity.LLM	Entity.LLM	Entity.LLM		None			[CANNOT RESPOND]
 	Validator	Entity.USER	Entity.USER			None			Multiplier
 	Validator	Entity.USER	Entity.USER	Entity.USER		None			[CANNOT RESPOND]
*	Validator	Entity.AGENT	Entity.AGENT		Multiplier	None			8 * 8
*	Planner	Entity.LLM	Entity.USER	Validator	Multiplier	None			8 * 8
 	Planner	Entity.USER	Entity.USER			None			
 	Planner	Entity.AGENT	Entity.USER			None			
 	Planner	Entity.LLM	Entity.LLM	Entity.LLM	Multiplier	None			[CANNOT RESPOND]
 	Planner	Validator	Entity.USER			None			
 	Multiplier	Entity.USER	Entity.USER	Validator	Multiplier	None			8 * 8
 	Multiplier	Entity.USER	Entity.USER	Entity.USER	Multiplier	None			[CANNOT RESPOND]
 	Multiplier	Entity.AGENT	Entity.USER			None			
*	Multiplier	Entity.LLM	Entity.LLM			None			64
*	Planner	Multiplier	Entity.USER	Multiplier		None			64
 	Planner	Entity.USER	Entity.USER			None			
 	Planner	Entity.AGENT	Entity.USER			None			
*	Planner	Entity.LLM	Entity.LLM			None			64 * 8
 	Planner	Entity.USER	Entity.USER			None			
 	Planner	Entity.AGENT	Entity.USER			None			
 	Planner	Entity.LLM	Entity.LLM	Entity.LLM		None			[CANNOT RESPOND]
 	Validator	Entity.USER	Entity.USER			None			64 * 8
 	Validator	Entity.USER	Entity.USER	Entity.USER		None			[CANNOT RESPOND]
*	Validator	Entity.AGENT	Entity.AGENT	Validator		None			Who is this message for? Please simply respond with one of these names: Master, Multiplier
*	Planner	Validator	Entity.USER	Validator		None			Who is this message for? Please simply respond with one of these names: Master, Multiplier
 	Planner	Entity.USER	Entity.USER			None			
 	Planner	Entity.AGENT	Entity.USER			None			
*	Planner	Entity.LLM	Entity.LLM			None			Multiplier
 	Planner	Entity.USER	Entity.USER			None			
 	Planner	Entity.AGENT	Entity.USER			None			
 	Planner	Entity.LLM	Entity.LLM	Entity.LLM		None			[CANNOT RESPOND]
 	Validator	Entity.USER	Entity.USER			None			Multiplier
 	Validator	Entity.USER	Entity.USER	Entity.USER		None			[CANNOT RESPOND]
*	Validator	Entity.AGENT	Entity.AGENT		Multiplier	None			64 * 8
*	Planner	Entity.LLM	Entity.USER	Validator	Multiplier	None			64 * 8
 	Planner	Entity.USER	Entity.USER			None			
 	Planner	Entity.AGENT	Entity.USER			None			
 	Planner	Entity.LLM	Entity.LLM	Entity.LLM	Multiplier	None			[CANNOT RESPOND]
 	Planner	Validator	Entity.USER			None			
 	Multiplier	Entity.USER	Entity.USER	Validator	Multiplier	None			64 * 8
 	Multiplier	Entity.USER	Entity.USER	Entity.USER	Multiplier	None			[CANNOT RESPOND]
 	Multiplier	Entity.AGENT	Entity.USER			None			
*	Multiplier	Entity.LLM	Entity.LLM			None			512
*	Planner	Multiplier	Entity.USER	Multiplier		None			512
 	Planner	Entity.USER	Entity.USER			None			
 	Planner	Entity.AGENT	Entity.USER			None			
*	Planner	Entity.LLM	Entity.LLM		Master	None			512
*	Master	Planner	Entity.USER	Planner	Master	None			512
 	Master	Entity.USER	Entity.USER			None			
 	Master	Entity.AGENT	Entity.USER			None			
*	Master	Entity.LLM	Entity.LLM			None			RIGHT, 9**3
 	Master	Entity.USER	Entity.USER			None			
 	Master	Entity.AGENT	Entity.USER			None			
 	Master	Entity.LLM	Entity.LLM	Entity.LLM		None			[CANNOT RESPOND]
 	Planner	Entity.USER	Entity.USER			None			RIGHT, 9**3
 	Planner	Entity.USER	Entity.USER	Entity.USER		None			[CANNOT RESPOND]
 	Planner	Entity.AGENT	Entity.USER			None			
*	Planner	Entity.LLM	Entity.LLM			None			9 * 9
 	Planner	Entity.USER	Entity.USER			None			
 	Planner	Entity.AGENT	Entity.USER			None			
 	Planner	Entity.LLM	Entity.LLM	Entity.LLM		None			[CANNOT RESPOND]
 	Validator	Entity.USER	Entity.USER			None			9 * 9
 	Validator	Entity.USER	Entity.USER	Entity.USER		None			[CANNOT RESPOND]
*	Validator	Entity.AGENT	Entity.AGENT	Validator		None			Who is this message for? Please simply respond with one of these names: Master, Multiplier
*	Planner	Validator	Entity.USER	Validator		None			Who is this message for? Please simply respond with one of these names: Master, Multiplier
 	Planner	Entity.USER	Entity.USER			None			
 	Planner	Entity.AGENT	Entity.USER			None			
*	Planner	Entity.LLM	Entity.LLM			None			Multiplier
 	Planner	Entity.USER	Entity.USER			None			
 	Planner	Entity.AGENT	Entity.USER			None			
 	Planner	Entity.LLM	Entity.LLM	Entity.LLM		None			[CANNOT RESPOND]
 	Validator	Entity.USER	Entity.USER			None			Multiplier
 	Validator	Entity.USER	Entity.USER	Entity.USER		None			[CANNOT RESPOND]
*	Validator	Entity.AGENT	Entity.AGENT		Multiplier	None			9 * 9
*	Planner	Entity.LLM	Entity.USER	Validator	Multiplier	None			9 * 9
 	Planner	Entity.USER	Entity.USER			None			
 	Planner	Entity.AGENT	Entity.USER			None			
 	Planner	Entity.LLM	Entity.LLM	Entity.LLM	Multiplier	None			[CANNOT RESPOND]
 	Planner	Validator	Entity.USER			None			
 	Multiplier	Entity.USER	Entity.USER	Validator	Multiplier	None			9 * 9
 	Multiplier	Entity.USER	Entity.USER	Entity.USER	Multiplier	None			[CANNOT RESPOND]
 	Multiplier	Entity.AGENT	Entity.USER			None			
*	Multiplier	Entity.LLM	Entity.LLM			None			81
*	Planner	Multiplier	Entity.USER	Multiplier		None			81
 	Planner	Entity.USER	Entity.USER			None			
 	Planner	Entity.AGENT	Entity.USER			None			
*	Planner	Entity.LLM	Entity.LLM			None			81 * 9
 	Planner	Entity.USER	Entity.USER			None			
 	Planner	Entity.AGENT	Entity.USER			None			
 	Planner	Entity.LLM	Entity.LLM	Entity.LLM		None			[CANNOT RESPOND]
 	Validator	Entity.USER	Entity.USER			None			81 * 9
 	Validator	Entity.USER	Entity.USER	Entity.USER		None			[CANNOT RESPOND]
*	Validator	Entity.AGENT	Entity.AGENT	Validator		None			Who is this message for? Please simply respond with one of these names: Master, Multiplier
*	Planner	Validator	Entity.USER	Validator		None			Who is this message for? Please simply respond with one of these names: Master, Multiplier
 	Planner	Entity.USER	Entity.USER			None			
 	Planner	Entity.AGENT	Entity.USER			None			
*	Planner	Entity.LLM	Entity.LLM			None			Multiplier
 	Planner	Entity.USER	Entity.USER			None			
 	Planner	Entity.AGENT	Entity.USER			None			
 	Planner	Entity.LLM	Entity.LLM	Entity.LLM		None			[CANNOT RESPOND]
 	Validator	Entity.USER	Entity.USER			None			Multiplier
 	Validator	Entity.USER	Entity.USER	Entity.USER		None			[CANNOT RESPOND]
*	Validator	Entity.AGENT	Entity.AGENT		Multiplier	None			81 * 9
*	Planner	Entity.LLM	Entity.USER	Validator	Multiplier	None			81 * 9
 	Planner	Entity.USER	Entity.USER			None			
 	Planner	Entity.AGENT	Entity.USER			None			
 	Planner	Entity.LLM	Entity.LLM	Entity.LLM	Multiplier	None			[CANNOT RESPOND]
 	Planner	Validator	Entity.USER			None			
 	Multiplier	Entity.USER	Entity.USER	Validator	Multiplier	None			81 * 9
 	Multiplier	Entity.USER	Entity.USER	Entity.USER	Multiplier	None			[CANNOT RESPOND]
 	Multiplier	Entity.AGENT	Entity.USER			None			
*	Multiplier	Entity.LLM	Entity.LLM			None			729
*	Planner	Multiplier	Entity.USER	Multiplier		None			729
 	Planner	Entity.USER	Entity.USER			None			
 	Planner	Entity.AGENT	Entity.USER			None			
*	Planner	Entity.LLM	Entity.LLM			None			729
 	Planner	Entity.USER	Entity.USER			None			
 	Planner	Entity.AGENT	Entity.USER			None			
 	Planner	Entity.LLM	Entity.LLM	Entity.LLM		None			[CANNOT RESPOND]
 	Validator	Entity.USER	Entity.USER			None			729
 	Validator	Entity.USER	Entity.USER	Entity.USER		None			[CANNOT RESPOND]
*	Validator	Entity.AGENT	Entity.AGENT	Validator		None			Who is this message for? Please simply respond with one of these names: Master, Multiplier
*	Planner	Validator	Entity.USER	Validator		None			Who is this message for? Please simply respond with one of these names: Master, Multiplier
 	Planner	Entity.USER	Entity.USER			None			
 	Planner	Entity.AGENT	Entity.USER			None			
*	Planner	Entity.LLM	Entity.LLM			None			Master
 	Planner	Entity.USER	Entity.USER			None			
 	Planner	Entity.AGENT	Entity.USER			None			
 	Planner	Entity.LLM	Entity.LLM	Entity.LLM		None			[CANNOT RESPOND]
 	Validator	Entity.USER	Entity.USER			None			Master
 	Validator	Entity.USER	Entity.USER	Entity.USER		None			[CANNOT RESPOND]
*	Validator	Entity.AGENT	Entity.AGENT		Master	None			729
*	Planner	Entity.LLM	Entity.USER	Validator	Master	None			729
*	Master	Planner	Entity.USER	Planner	Master	None			729
 	Master	Entity.USER	Entity.USER			None			
 	Master	Entity.AGENT	Entity.USER			None			
*	Master	Entity.LLM	Entity.LLM			None			DONE: 243 512 729
